Community College of the Air Force,"130 W Maxwell Blvd, Montgomery, AL 36112-6613",Institution
Community College of the Air Force,"2250 Stanley Road, Unit 161, Fort Sam Houston, TX 78234-6400",Additional Location
Alabama A & M University,"4900 Meridian Street, Normal, AL 35762",Institution
University of Alabama at Birmingham,"1720 2nd Avenue South, Birmingham, AL 35233",Institution
UAB School of Optometry,"1716 University Boulevard, Birmingham, AL 35294",Additional Location
UAB School of Dentistry,"Old Hillman Bldg 1919 7th Avenue South, Birmingham, AL 35233",Additional Location
Amridge University,"1200 Taylor Rd, Montgomery, AL 36117-3553",Institution
University of Alabama at Huntsville,"301 Sparkman Dr, Huntsville, AL 35899",Institution
Alabama State University,"915 S Jackson Street, Montgomery, AL 36104",Institution
The University of Alabama,"739 University Boulevard, Tuscaloosa, AL 35487-0100",Institution
Central Alabama Community College,"1675 Cherokee Road, Alexander City, AL 35010",Institution
Childersburg Campus,"34091 US Hwy. 280, Childersburg, AL 35044",Additional Location
Alexander City Campus,"1675 Cherokee Road PO Box 699, Alexander City, AL 35010",Additional Location
Athens State University,"300 N Beaty St, Athens, AL 35611",Institution
Northeast Alabama CC,"138 Lowell Barron Highway W, Rainsville, AL 35986",Additional Location
Northwest - Shoals Alabama CC,"800 George Wallace Road, Muscle Shoals, AL 35662",Additional Location
Redstone Arsenal,"Bldg. 3200, Little John Road Athens State Universi, Redstone Arsenal, AL 35898",Additional Location
Snead State CC,"220 North Walnut Street, Boaz, AL 35957",Additional Location
Wallace State Comm Coll - Hanceville,"801 Main Street, Hanceville, AL 35077",Additional Location
Auburn University-Montgomery,"7440 East Drive P.O. Box 244023, Montgomery, AL 36117-3596",Institution
Auburn University Main Campus,"107 Samford Hall, Auburn University, AL 36849",Institution
Mobile Campus (Pharmacy),"USA Rsch Park 650 Clinic Drive, Rm 2100, Mobile, AL 36688-0002",Additional Location
Birmingham Southern College,"900 Arkadelphia Road, Birmingham, AL 35254",Institution
Chattahoochee Valley Community College,"2602 College Dr, Phenix City, AL 36869",Institution
Concordia College Alabama,"1804 Green Street, Selma, AL 36701",Institution
DCH Regional Medical Center,"809 University Blvd., East, Tuscaloosa, AL 35401",Site
Enterprise State Community College,"600 Plaza Drive, Enterprise, AL 36330-1300",Institution
AAC at Mobile,"1975 Ave C, Mobile, AL 36615-1403",Additional Location
AAC at Ozark,"3405 Hwy 231 S, Ozark, AL 36360",Additional Location
James H. Faulkner State Community College,"1900 US Hwy 31 S, Bay Minette, AL 36507-2698",Institution
Faulkner State Fairhope Campus,"440 Fairhope Ave, Fairhope, AL 36532",Additional Location
Faulkner State Gulf Shores Campus,"3301 Gulf Shores Pkwy, Gulf Shores, AL 36542",Additional Location
Faulkner State at Daphne High School,"9300 Lawson Rd, Daphne, AL 36526",Additional Location
Faulkner University,"5345 Atlanta Hwy, Montgomery, AL 36109-3378",Institution
FAULKNER UNIVERSITY-HUNTSVILLE,"420 WYNN DR, HUNTSVILLE, AL 35805-1963",Additional Location
Birmingham,"2200 Riverchase Center, Birmingham, AL 35244",Additional Location
Mobile,"917 Western American Circle, Mobile, AL 36609",Additional Location
Gadsden Business College,"3225 Rainbow Drive Suite 246, Rainbow City, AL 35906",Institution
Gadsden Business College - Anniston Campus,"1805 Hillyer Robinson Industrial Parkway, Suite B, Anniston, AL 36207",Additional Location
Gadsden State Community College,"1001 George Wallace Dr., Gadsden, AL 35902-0227",Institution
Gadsden State Community College - Ayers Campus,"1801 Coleman Road, Anniston, AL 36207",Additional Location
George C Wallace Community College,"1141 Wallace Drive, Dothan, AL 36303-9234",Institution
Ft. Rucker Center,"Building 4502 Kingsman Street, Fort Rucker, AL 36362",Additional Location
Sparks Campus,"3235 South Eufaula Ave., Eufaula, AL 36027",Additional Location
Clanton Ext,"2829 Fourth Avenue North, Clanton, AL 35045",Additional Location
Wallace State Community College  - Hanceville,"801 Main St. P. O. Box 2000, Hanceville, AL 35077-2000",Institution
George Corley Wallace State Community College - Selma,"3000 Earl Goodwin Parkway, Selma, AL 36703-2808",Institution
Huntingdon College,"1500 East Fairview Avenue, Montgomery, AL 36106-2148",Institution
Huntsville Hospital,"101 Sivley Road, Huntsville, AL 35801",Site
Heritage Christian University,"3625 Helton Dr, PO Box HCU, Florence, AL 35630-9977",Institution
J.F. Drake State Community and Technical College,"3421 Meridian St North, Huntsville, AL 35811",Institution
J F Ingram State Technical College,"5375 Ingram Road, Deatsville, AL 36022",Institution
"J. F. Ingram State Technical College, Donaldson Correctional Facility","100 Warrior Lane, 100 Warrior Lane, AL 35023",Additional Location
"J. F. Ingram State Technical College, Draper Instructional Service Center","2800 Alabama Highway 143, Elmore, AL 36025",Additional Location
"J. F. Ingram State Technical College, Tutwiler Instructional Service Center","8970 U.S. Highway 231 North, Wetumpka, AL 36092",Additional Location
"J. F. Ingram State Technical College, Bibb Correctional Facility","565 Bibb Lane, Brent, AL 35034",Additional Location
Jacksonville State University,"700 Pelham Road North, Jacksonville, AL 36265",Institution
Jefferson Davis Community College,"220 Alco Dr, Brewton, AL 36426",Institution
Atmore,"6574 Highway 21 PO Box 1119, Atmore, AL 36504",Additional Location
Jefferson State Community College,"2601 Carson Rd, Birmingham, AL 35215-3098",Institution
Richard M. Scrushy Campus,"4600 Valleydale Rd, Birmingham, AL 35242",Additional Location
Calhoun Community College,"6250 U S Highway 31 N, Tanner, AL 35671",Institution
Decatur Fire and Rescue Center,"4119 Old Hwy 31, SW, Decatur, AL 35603",Additional Location
Judson College,"302 Bibb St, Marion, AL 36756",Institution
University of West Alabama,"205 North Washington Street, Livingston, AL 35470",Institution
Lurleen B Wallace Community College,"1000 Dannelly Blvd., Andalusia, AL 36420-1418",Institution
Lurleen B Wallace Community College - Greenville Campus,"750 Greenville Bypass, Greenville, AL 36037",Additional Location
Lurleen B Wallace Community College - Springdale,"521 E. Three Notch Street, Andalusia, AL 36420",Additional Location
MacArthur Campus,"1708 Main, Opp, AL 36467",Additional Location
Marion Military Institute,"1101 Washington St, Marion, AL 36756",Institution
Miles College,"5500 Myron Massey Blvd, Fairfield, AL 35064",Institution
University of Mobile,"5735 College Parkway Drive, Mobile, AL 36663-0220",Institution
University of Montevallo,"Station 6001, Montevallo, AL 35115",Institution
Northwest-Shoals Community College - Muscle Shoals,"800 George Wallace Blvd, Muscle Shoals, AL 35661",Institution
Phil Campbell Campus,"2080 College Road, Phil Campbell, AL 35581",Additional Location
Shoals Campus,"800 George Wallace Blvd., Muscle Shoals, AL 35661",Additional Location
University of North Alabama,"One Harrison Plaza, Florence, AL 35632-0001",Institution
Northeast Alabama Community College,"138 Alabama Highway 35, Rainsville, AL 35986",Institution
Northwest-Shoals Community College - Phil Campbell,"2080 College Road, Phil Campbell, AL 35881",Institution
Oakwood University,"7000 Adventist Blvd N.W., Huntsville, AL 35896",Institution
Alabama Southern Community College,"2800 South Alabama Avenue, Monroeville, AL 36460",Institution
Jackson Campus,"235 College Avenue, Jackson, AL 36545",Additional Location
Thomasville Campus,"30755 Hwy. 43 South, Thomasville, AL 36784",Additional Location
Gilbertown Campus,"251 College Street, Gilbertown, AL 36908",Additional Location
Demopolis Campus,"186 Field of Dreams Drive, Demopolis, AL 36732",Additional Location
Prince Institute - Southeast,"596 W. Lamont Road, Elmhurst, IL 60126",Institution
Prince Institute - Great Lakes,"596 W. Lamont Road, Suite 110, Elmhurst, IL 60126",Additional Location
Prince Institute - Rocky Mountains,"9051 Harlan Street, Unit 20, Westminster, CO 80031-2901",Additional Location
Reid State Technical College,"I-65 and Highway 83, Evergreen, AL 36401",Institution
Reid State Technical College Extension Campus,"300 Jaguar Drive, Evergreen, AL 36401",Additional Location
Reid State Technical College at Jeff Davis Community College,"201 Brookwood Road, Atmore, AL 35604",Additional Location
"Reid State Technical College, South Baldwin Transportation Site","202 Sanborn Avenue, Summerdale, AL 36580",Additional Location
Bishop State Community College,"351 North Broad Street, Mobile, AL 36603-5362",Institution
Samford University,"800 Lakeshore Drive, Birmingham, AL 35229-2240",Institution
Shelton State Community College,"9500 Old Greensboro Rd, Tuscaloosa, AL 35405-8522",Institution
Shelton State Community College - C.A. Fredd Campus,"3401 Martin Luther King Blvd., Tuscaloosa, AL 35401",Additional Location
Snead State Community College,"220 North Walnut Street, Boaz, AL 35957-0734",Institution
University of South Alabama,"307 N University Blvd, Mobile, AL 36688-0002",Institution
University of South Alabama - Springhill,"1504 Springhill Avenue, Mobile, AL 36604",Additional Location
Southern Community College,"205 S Main St, Tuskegee, AL 36083-0688",Institution
Spring Hill College,"4000 Dauphin St, Mobile, AL 36608-1791",Institution
Southeastern Bible College,"2545 Valleydale Road, Birmingham, AL 35244-2083",Institution
Stillman College,"3601 Stillman Boulevard, Tuscaloosa, AL 35403",Institution
Talladega College,"627 W Battle St, Talladega, AL 35160",Institution
H. Councill Trenholm State Community College,"P. O. Box 10048, Montgomery, AL 36108",Institution
H Councill Trenholm State Technical College - Patterson Campus,"3920 Troy Highway, Montgomery, AL 36116-2699",Additional Location
Troy University,"University Avenue, Troy, AL 36082-0001",Institution
Troy University - Dothan,"501 University Drive, Dothan, AL 36304",Additional Location
Troy University - Montgomery,"231 Montgomery Street, Montgomery, AL 36103-4419",Additional Location
Troy University - Phenix City,"One University Place, Phenix City, AL 36869",Additional Location
Troy University - Atlantic Region,"5425 Robin Hood Rd Suite 1B, Norfolk, VA 23513",Additional Location
Troy University - Western Region,"5825 Delmonico Drive Suite 120, Colorado Springs, CO 80919",Additional Location
Troy University - Southeast Region,"506 Manchester Expressway Suite B20, Columbus, GA 31914",Additional Location
Troy University - Atlantic Region,"620 John Paul Jones Cir Dept. of the Navy/Navy Med, Portsmouth, VA 23703-2197",Additional Location
Tuskegee University,"Kresge Center, 3rd Floor, Tuskegee, AL 36088-1920",Institution
United States Sports Academy,"One Academy Dr, Daphne, AL 36526-7055",Institution
Bevill State Community College,"1411 Indiana Avenue, Jasper, AL 35501",Institution
BSCC Business Incubator,"3512 Industrial Dr., Jasper, AL 35501",Additional Location
Fayette Campus,"2631 Temple Avenue, Fayette, AL 35555",Additional Location
Hamilton Campus,"P.O. Drawer 9, Hamilton, AL 35570",Additional Location
Jasper Campus,"1411 Indiana Avenue, Jasper, AL 35501",Additional Location
University of Alaska Anchorage,"3211 Providence Drive, Anchorage, AK 99508-8046",Institution
University of Alaska Fairbanks,"Signers' Hall, Fairbanks, AK 99775-7480",Institution
Tanana Valley campus,"604 Barnette Street, Fairbanks, AK 99701",Additional Location
University of Alaska Southeast,"11120 Glacier Highway, Juneau, AK 99801-8697",Institution
Alaska Pacific University,"4101 University Dr, Anchorage, AK 99508",Institution
Alaska Vocational Technical Center,"809 Second Avenue, Seward, AK 99664-0889",Institution
Alaska Vocational Technical Center - Allied Health Department,"1251 Muldoon Road, Suite 103, Anchorage, AK 99504",Additional Location
Charter College,"2221 E Northern Lights Blvd Ste 120, Anchorage, AK 99508",Institution
Charter College - Mat-Su,"721 West Parks Highway, Unit 5, Wasilla, AK 99654",Additional Location
Charter College - Pasco,"5278 Outlet Drive, Pasco, AL 99301",Additional Location
Charter College - Oxnard,"2000 Outlet Center Drive, Suite 150, Oxnard, CA 93036",Additional Location
Charter College - Vancouver,"Columbia Tech Center, 17200 SE Mill Plain Boulevard, Vancouver, WA 98683",Additional Location
Charter College - Bellingham,"410 West Bakerview Road, Building F, Bellingham, WA 98226",Additional Location
Charter College - Fife,"3700 Pacific Highway East, Suite 150, Fife, WA 98424",Additional Location
Charter College- Lynwood,"19401 40th Avenue West, Lynwood, WA 98036",Additional Location
Charter College - Billings,"1595 Grand Avenue, Suite 230, Billings, MT 59102",Additional Location
Charter College - Canyon Country,"19034 Soledad Canyon Road, Canyon Country, CA 91351",Additional Location
Charter College - East Wenatchee,"595 Grant Road, Suite 5, East Wenatchee, WA 98802",Additional Location
Charter College - Lacey,"4520 Lacey Boulevard SE, Suite 40, Lacey, WA 98503",Additional Location
Charter College - Lancaster,"43141 Business Center Parkway, Suite 109, Lancaster, CA 93535",Additional Location
Charter College - Missoula,"1900 Brooks St, Suite 6, Missoula, MT 59801",Additional Location
Charter College - Yakima,"2706 West Nob Hill Boulevard, Suite 106, Yakima, WA 98902",Additional Location
Prince William Sound Community College,"303 Lowe Street, Valdez, AK 99686",Institution
Sheldon Jackson College,"801 Lincoln Street, Sitka, AK 99835-7699",Institution
Alaska Career College,"1415 E Tudor Road, Anchorage, AK 99507-1033",Institution
Everest College - Phoenix,"10400 N. 25th Avenue, Suite 190, Phoenix, AZ 85021",Institution
Everest College - Mesa,"5416 E. Baseline Rd, Mesa, AZ 85206",Additional Location
Thunderbird School of Global Management,"15249 N 59th Ave, Glendale, AZ 85306-6000",Institution
Thunderbird School of Global Management - Miami Campus,"3625 NW 82nd Avenue Ste. 205, Miami, FL 33116",Additional Location
American Indian College,"10020 N 15th Ave, Phoenix, AZ 85021",Institution
American Institute of Trucking,"440 S 54th Ave, Phoenix, AZ 85043-4729",Institution
Carrington College - Phoenix,"8503 N 27th Ave, Phoenix, AZ 85051-4063",Institution
Carrington College - Tucson,"201 N. Bonita Avenue, Tucson, AZ 85745",Additional Location
Carrington College - Las Vegas,"5740 S. Eastern Avenue, Suite 140, Las Vegas, NV 89119",Additional Location
Carrington College - Tri City Inc.,"1001 West Southern Avenue, Mesa, AZ 85210",Additional Location
Carrington College - Westside,"2701 W Bethany Home Road, Phoenix, AZ 85017",Additional Location
Carrington College - Online,"4742 North 24th Street, Suite 360, Phoenix, AZ 85016",Additional Location
Carrington College - Albuquerque,"1001 Menual Boulevard, Albuquerque, NM 87107",Additional Location
College America - Flagstaff,"399 S. Malpais Ln., 2nd Fl., Flagstaff, AZ 86001",Institution
Arizona Academy of Beauty Inc,"5631 E Speedway Blvd, Tucson, AZ 85712",Institution
Arizona Automotive Institute,"6829 N 46th Ave, Glendale, AZ 85301-3579",Institution
International Institute of the Americas,"6049 N 43rd Ave, Phoenix, AZ 85019-1600",Institution
Arizona State University,"P.O. Box 877705, Tempe, AZ 85287",Institution
Arizona State University at the Downtown Phoenix Campus,"411 N. Central Ave, Phoenix, AZ 85004",Additional Location
Arizona State University at the West Campus,"4701 W Thunderbird Rd, Glendale, AZ 85306",Additional Location
Arizona State University at the Polytechnic Campus,"7001 E. Williams Field Rd., Mesa, AZ 85212-6053",Additional Location
Arizona State University at Avondale Lattie Coor,"1406 North Central Avenue, Avondale, AZ 85323",Additional Location
Arizona State University at Chinle Elementary School,"US 191 West Chinle, Chinle, AZ 86503",Additional Location
Arizona State University at Joe Carlson Elementary,"1700 North Louis Avenue, Douglas, AZ 85607",Additional Location
Arizona State University at Ganado Middle School (Ganado Unified School District,"Hwy. 264, Ganado, AZ 86505",Additional Location
Arizona State University at Mirage School (Deer Valley School District),"3910 W Groves Avenue, Glendale, AZ 85308",Additional Location
Arizona State University at Sonoran Sky Elementary (Pendergast PDS Site),"10150 W. Missouri Avenue, Glendale, AZ 85301",Additional Location
Arizona State University at Lake Havasu,"98 Swanson Plaza, Lake Havasu City, AZ 86043",Additional Location
Arizona State University at Cloves Campbell School (Roosevelt District PDS),"2624 E. South Mountain Avenue, Phoenix, AZ 85042",Additional Location
Arizona State University at Longview School,"1209 East Indian School Road, Phoenix, AZ 85014",Additional Location
Arizona State University at Madison Park Middle School (Madison Elem District),"1431 E. Campbell Avenue, Phoenix, AZ 85014",Additional Location
Arizona State University at Mayo Clinic Hospital,"5777 East Mayo Boulevard, Phoenix, AZ 85054",Additional Location
Arizona State University at Palomino Elementary School (Paradise Valley PDS Site),"15833 N 19th Street, Phoenix, AZ 85032",Additional Location
Arizona State University at Phoenix College (Phoenix Metro Area),"1202 West Thomas Road, Phoenix, AZ 85013",Additional Location
Arizona State University at Gadsden Jr. High School (San Luis PDS Site),"963 N. 8th Avenue, San Luis, AZ 85349",Additional Location
Arizona State University at Hohokam School,"8451 E. Oak Street, Scottsdale, AZ 85251",Additional Location
Arizona State University at TB&B Parkside,"8355 E. Hartford Drive, Scottsdale, AZ 85260",Additional Location
Arizona State University at ASU Research Park,"7700 South River Parkway, Bldg. #118, Tempe, AZ 85084",Additional Location
Arizona State University at Eastern Arizona College,"615 N Stadium Avenue, Thatcher, AZ 85552",Additional Location
Arizona State University at Sunnyside Unified School District,"2238 E. Ginter Road, Tucson, AZ 85706",Additional Location
Arizona State University at Tucson,"340 N. Commerce Park Loop, Tucson, AZ 85745",Additional Location
Arizona State University at Michael Anderson Elementary School,"45 S. 3rd Avenue, Avondale, AZ 85323",Additional Location
Arizona State University at San Carlos Unified School District,"45 San Carlos Avenue, San Carlos, AZ 85550",Additional Location
Arizona State University at Sunnyside Unified School District (Esperanza Elem Sc,"2353 E. Bantam Road, Tucson, AZ 85706",Additional Location
Arizona State University at Flagstaff,"1200 S Beaver Street, Flagstaff, AZ 86011",Additional Location
Arizona State University at Chandler Instructional Resource Center,"500 West Galveston Street, Chandler, AZ 85225",Additional Location
Arizona State University at Dysart District Office,"11405 North Dysart Road, El Mirage, AZ 85335",Additional Location
Arizona State University at Barry Goldwater High School,"2820 West Rose Garden Lane, Phoenix, AZ 85027",Additional Location
Arizona State University at Isaac Junior High School,"3402 West McDowell Road, Phoenix, AZ 85009",Additional Location
Arizona State University at Kyrene de la Mariposa School,"50 E. Knox Rd., Tempe, AZ 85284",Additional Location
Arizona State University at Madison School No. 2,"2002 East Campbell Avenue, Phoenix, AZ 85016",Additional Location
Arizona State University at Mesa School Student Service Center,"1025 North Country Club Drive, Mesa, AZ 85201",Additional Location
Arizona State University at Mohave School,"5520 North 86th Street, Scottsdale, AZ 85250",Additional Location
Arizona State University at Phoenix Prep Academy,"735 East Filmore Street, Phoenix, AZ 85006",Additional Location
Arizona State University at Supai Middle School,"6720 E. Continental, Scottsdale, AZ 85257",Additional Location
Arizona State University at Tempe Elementary District #3,"3205 South Rural Road, Tempe, AZ 85282",Additional Location
Arizona State University at Tempe Learning Center,"3500 South Rural Road, Tempe, AZ 85282",Additional Location
Arizona State University at Tempe Union High School,"1730 South Mill Avenue, Tempe, AZ 85281",Additional Location
Arizona State University at Peoria Unified District #11,"6330 West Thunderbird Road, Glendale, AZ 85306",Additional Location
Arizona State University at Basha Elementary School,"3535 S. Basha Rd., Chandler, AZ 85248",Additional Location
Arizona State University at Corona Del Sol High School,"1001 East Knox Road, Tempe, AZ 85284",Additional Location
Arizona State University at Sunnyslope Elementary,"801 West Peoria Avenue, Phoenix, AZ 85029",Additional Location
Arizona State University at Val Vista Lakes Elementary School,"1030 North Blue Grotto, Gilbert, AZ 85234",Additional Location
Arizona State University at Verrado Middle School,"20880 West Main Street, Buckeye, AZ 85396",Additional Location
Arizona State University at Whiteriver Elementary School,"P.O. 190; 1 North Ave., Whiteriver, AZ 85941",Additional Location
Arizona State University at Deer Valley School District,"20402 North 15th Avenue, Phoenix, AZ 85027",Additional Location
Arizona State University at Indian Oasis Intermediate School,"111 Main Street, Sells, AZ 85634",Additional Location
Arizona State University at Madison Elementary District #3,"5601 North 16th Street, Phoenix, AZ 85016",Additional Location
Arizona State University at Madison School No. 3,"5601 North 16th Street, Phoenix, AZ 85016",Additional Location
Arizona State University at SkySong,"1475 N. Scottsdale Road, Scottsdale, AZ 85257-3538",Additional Location
Arizona State University at El Mirage Elementary School (Dysart site),"13500 N. El Mirage Road, El Mirage, AZ 85335",Additional Location
Arizona State University at Arizona Western College,"2020 South Avenue 8 East, Yuma, AZ 85365",Additional Location
Arizona State University at Centerra Mirage,"15151 W Centerra Drive South, Goodyear, AZ 85338",Additional Location
Arizona State University at Central Arizona College,"8470 N. Overfield Road, Coolidge, AZ 85228",Additional Location
Arizona State University at Navajo Education Building,"One Morgan Boulevard, Window Rock, AZ 86504",Additional Location
Arizona State University at Thunderbird School of Global Management,"1 Global Place, Glendale, AZ 85306",Additional Location
The Mercado,"550 E. Van Buren Street, Phoenix, AZ 85004",Additional Location
Northern Arizona University,"South San Francisco Street, Flagstaff, AZ 86011",Additional Location
Litchfield  Elementary District,"553 Plaza Circle Litchfield Park, Litchfield Park, AZ 85340",Additional Location
City of Peoria Municipal Complex,"8401 W. Monroe Street, Peoria, AZ 85345",Additional Location
General Dynamics Facility,"8201 E. McDowell Road, Scottsdale, AZ 85250",Additional Location
Arizona State University - Nevitt Elementary School,"4525 E St Anne, Phoenix, AZ 85042",Additional Location
First National Bank of Arizona,"17600 N Perimeter Dr, Scottsdale, AZ 85255",Additional Location
Pendergast Learning Center,"3802 N. 91st Avenue, Phoenix, AZ 85037",Additional Location
Mohave District Annex,"8505 E. Valley View Road, Scottsdale, AZ 85250",Additional Location
Hudson School,"1325 E Malibu Dr, Tempe, AZ 85282",Additional Location
Maricopa Community Center District,"Maricopa Community College District, Tempe, AZ 85281",Additional Location
Evans Elementary School,"4525 S. College Ave., Tempe, AZ 85282",Additional Location
Kyrene del Akimel School,"2720 E Liberty Ln, Phoenix, AZ 85048",Additional Location
Navajo Nation Museum,"P.O. Box 1840, Windowrock, AZ 86515",Additional Location
Garfield School,"811 N 13th St, Phoenix, AZ 85006",Additional Location
Tempe Union High School District,"500 West Guadalupe Road, Tempe, AZ 85283",Additional Location
Balsz Elementary District,"4309 East Belleview Street, Phoenix, AZ 85008",Additional Location
Milenio School,"4630 East Frye Road, Phoenix, AZ 85048",Additional Location
Kyrene de Los Ninos School,"1330 East Dava Drive, Tempe, AZ 85283",Additional Location
Kyrene de los Lagos Elementary School,"17001 South 34th Way, Phoenix, AZ 85048",Additional Location
Southwest Human Development,"2850 North 24th Street, Phoenix, AZ 85008",Additional Location
Scottsdale Healthcare-Shea,"9003 East Shea Boulevard, Scottsdale, AZ 85260",Additional Location
Machan (William T.) School,"2140 East Virginia Avenue, Phoenix, AZ 85006",Additional Location
Holdeman Elementary School,"1326 West 18th Street, Tempe, AZ 85281",Additional Location
Adams Elementary School,"730 South Longmore, Mesa, AZ 85202",Additional Location
Gilbert Civic Center,"75 E. Civic Center Drive, Gilbert, AZ 85296",Additional Location
Gilbert Elementary School,"175 West Elliot Road, Gilbert, AZ 85233",Additional Location
Kyrene del Norte School,"1331 East Redfield Road, Tempe, AZ 85283",Additional Location
Pomeroy School,"1507 West Shawnee Drive, Chandler, AZ 85224",Additional Location
Arizona State University - Cox Communications,"1550 W Deervalley Road, Phoenix, AZ 85027",Additional Location
Community Services Building,"200 East Curry Road, Building #130, Tempe, AZ 85284",Additional Location
Jordan School,"3220 North Carriage Lane, Chandler, AZ 85224",Additional Location
Arizona State University - Gateway Elementary School,"1100 North 35th Street, Phoenix, AZ 85008",Additional Location
Dine College,"P.O. Box 407; 1 Circle Drive, Tsaile, AZ 86556",Additional Location
Augustus Shaw Elementary School,"123 N. 13th Street, Phoenix, AZ 85034",Additional Location
Keller Elementary School,"1445 E. Hilton Av, Mesa, AZ 85204",Additional Location
Herrera School,"1305 South 11th Street, Phoenix, AZ 85034",Additional Location
Kyrene Aprende Middle School,"777 N. Desert Breeze Blvd., Chandler, AZ 85226",Additional Location
Cochise College - Downtown Center,"2600 East Wilcox Drive, Sierra Vista, AZ 85635",Additional Location
Arizona State University,"500 North 3rd Street, Phoenix, AZ 85004-0698",Additional Location
Yavapai College - Prescott Main Campus,"1100 E. Sheldon Street, Prescott, AZ 86301",Additional Location
Yavapai College - Prescott Valley Campus,"6955 Panther Path, Prescott Valley, AZ 86314",Additional Location
Pima Community College - Northwest Campus,"7600 N. Shannon Rd., Tucson, AZ 85709-7330",Additional Location
Red Mountain Campus (Mesa CC),"7110 E. McKellips Road, Mesa, AZ 85215",Additional Location
Washington Center,"1800 I Street NW, Washington, DC 20006",Additional Location
Thunderbird School of Global Management,"400 East Van Buren, Phoenix, AZ 85004",Additional Location
Echo Mountain Intermediate School,"1811 E. Michigan Avenue, Phoenix, AZ 85022",Additional Location
Pima Community College - West Campus,"2202 West Anklam Road, Tucson, AZ 85709-0001",Additional Location
ASU@Northeastern Arizona,"1001 W Deuce of Clubs, Show Low, AZ 85901",Additional Location
California College at ASU,"515 South Flower Street, 18th Floor, Los Angeles, CA 90071",Additional Location
Arizona Western College,"P.O. Box 929, Yuma, AZ 85366",Institution
Arizona Western Collage at Entrepreneurial Center,"1351 S. Redondo Center Drive, Yuma, AZ 85365",Additional Location
Arizona Western Collage at San Luis Learning Center,"1340 N 8th Avenue, San Luis, AZ 85349",Additional Location
Arizona Western College at Somerton Center,"1011 N. Somerton Avenue, Somerton, AZ 85350",Additional Location
Arizona Western College at La Paz Learning Center,"601 W. 11th Street, Parker, AZ 85344",Additional Location
La Paz Learning Center,"1109 S. Geronimo Avenue, Parker, AZ 85344",Additional Location
Massage Therapy Center,"2451 South Avenue A, Suite E101, Yuma, AZ 85364",Additional Location
San Luis Technology Institute,"1135 N. Main Street, San Luis, AZ 85349",Additional Location
AWC LETA Facility,"1280 W Desert Hills Drive, Yuma, AZ 85364",Additional Location
Yuma Catholic High School,"2100 West 28th Street, Yuma, AZ 85364",Additional Location
Aztec High School,"2440 West 28th Street, Yuma, AZ 85364",Additional Location
Wellton Learning Center,"28851 County 12th Street, Wellton, AZ 85356",Additional Location
Vista High School,"3150 South Avenue A, Yuma, AZ 85364",Additional Location
Yuma Fire Station No. 5,"6490 East 26th Street, Yuma, AZ 85365",Additional Location
Quartzsite Learning Center,"695 North Kofa Avenue, Quartzsite, AZ 85346",Additional Location
Quartzsite Fire Station,"70 Tyson Street, Quartzsite, AZ 85346",Additional Location
Arizona State Prison Complex,"7125 East Cesar Chavez Blvd, Yuma, AZ 85365",Additional Location
STEDY,"899 East Plaza Circle, Yuma, AZ 85365",Additional Location
M.C.A.S. Education Center,"Building 850, Yuma, AZ 85365",Additional Location
University of Arizona,"1401 E University, Tucson, AZ 85721-0066",Institution
University of Arizona - University of Arizona South,"1140 N. Colombo Ave., Sierra Vista, AZ 85635",Additional Location
UA College of Medicine - Phoenix and Partnership with ASU,"550 E. Van Buren Street, Phoenix, AZ 85004",Additional Location
University of Arizona - Douglas,"4190 W Highway 80, Douglas, AZ 85607-6190",Additional Location
University of Arizona at Eller MBA,"16425 N. Pima Road, Suite 370, Scottsdale, AZ 85620",Additional Location
"University of Arizona at Pima Community College, East","8181 E. Irvington Road, Tucson, AZ 85709",Additional Location
University of Arizona - Downtown,"Roy Place Building, 4460 North Stone Avenue, Tucson, AZ 85701",Additional Location
University of Arizona - Pima Desert Vista,"5901 South Calle Santa Cruz, Tucson, AZ 85709-6000",Additional Location
University of Arizona - Pima Downtown,"1255 N. Stone Avenue, Tucson, AZ 85709-3000",Additional Location
University of Arizona - Pima West,"2202 West Anklam Road, Tucson, AZ 85709-0001",Additional Location
University of Arizona - Science and Technology Park,"9040 S. Rita Road, Tucson, AZ 85747",Additional Location
University of Arizona - Santa Cruz,"455 N. Arroyo Blvd. Suite 25, Nogales, AZ 85621",Additional Location
University of Arizona at Chandler Downtown,"125 E. Commonwealth Ave., Chandler, AZ 85225",Additional Location
University of Arizona at Paradise Valley Community College,"18401 N. 32nd Street, Phoenix, AZ 85302",Additional Location
University of Arizona at Vail Unified School District,"12775 E. Mary Ann Cleveland Way, Vail, AZ 85641",Additional Location
University of Arizona - Nogales,"2021 N. Grand Ave., Nogales, AZ 85621",Additional Location
University of Arizona College of Medicine,"1501 North Campbell, Tucson, AZ 85724-5002",Additional Location
"UA ? Flowing Wells, Flowing Wells High School","3725 N Flowing Wells Road, Tucson, AZ 85705",Additional Location
Southwest University of Visual Arts,"2525 North Country Club Road, Tucson, AZ 85716",Institution
The Art Center Design College - Albuquerque,"5000 Marble NE, Albuquerque, NM 87110",Additional Location
Brillare Hairdressing Academy - Scottsdale,"15147 North Scottsdale Road, Building H, Suite 300, Scottsdale, AZ 85254",Institution
Brillare Hairdressing Academy - Phoenix,"15210 S. 50TH STREET SUITE 150, PHOENIX, AZ 85044",Additional Location
Central Arizona College,"8470 N Overfield Rd, Coolidge, AZ 85228-9778",Institution
Central Arizona College - Aravaipa Campus,"80440 E Aravaipa Road, Winkelman, AZ 85292",Additional Location
Central Arizona College - Superstition Mountain Campus,"273 Old West Highway, Apache Junction, AZ 85219-5231",Additional Location
Central Arizona College - Florence Center (ASPC),"800 E. Butte, Building 100, Florence, AZ 85232",Additional Location
Central Arizona College at Corporate Center,"540 N. Camino Mercado, Suite 1, Casa Grande, AZ 85222",Additional Location
Central Arizona College at Maricopa Center,"20800 N. John Wayne Parkway, Maricopa, AZ 85239",Additional Location
Central Arizona College - Maricopa,"17945 N. Regent Drive, Maricopa, AZ 85138",Additional Location
Central Arizona College at San Tan Campus,"3736 E. Bella Vista Road, San Tan Valley, AZ 85143",Additional Location
Central Arizona College ? San Tan Center,"2474 E. Hunt Highway, Suite 100, San Tan Valley, AZ 85143",Additional Location
Charles of Italy Beauty College,"1987 McCulloch Blvd, Suite 205, Lake Havasu City, AZ 86403",Institution
Charles of Italy Beauty College,"2135 South Highway 95, Suite 191, Bullhead City, AZ 86440",Additional Location
Cortiva Institute - Tucson,"6390 East Broadway Boulevard, Tucson, AZ 85710",Institution
DeVoe College of Beauty,"750 Bartow Dr, Sierra Vista, AZ 85635-1832",Institution
Avalon School of Cosmetology,"2111 S Alma School Rd Ste 21, Mesa, AZ 85210",Institution
Eastern Arizona College,"615 N. Stadium Ave., Thatcher, AZ 85552-0769",Institution
Eastern Arizona College - Gila Pueblo Campus,"8274 Six Shooter Canyon Rd., Globe, AZ 85502-2656",Additional Location
Eastern Arizona College - Payson Campus,"201 N. Mud Springs Rd., Payson, AZ 85547-0359",Additional Location
Eastern Arizona College at Morenci,"538 Stadium Drive, Morenci, AZ 85540",Additional Location
Eastern Arizona College at Eastern Arizona Academy of Cosmetology,"1926 West Thatcher Boulevard, Safford, AZ 85546",Additional Location
Eastern Arizona College at Swift Trail Correctional Institute,"1529 W. Highway 366, Safford, AZ 85546",Additional Location
Eastern Arizona College at San Carlos,"Corner of Tonto and Mesa Drives, San Carlos, AZ 85550",Additional Location
Eastern Arizona College at Arizona Dept. of Corrections of Safford-Fort Grant,"15500 S. Fort Grant Road, Safford, AZ 85643",Additional Location
Eastern Arizona College at Arizona Dept. of Corrections of Safford-Graham/Tonto,"896 S. Cook Road, Safford, AZ 85546",Additional Location
Northern Arizona Vocational Institute of Technology (NAVIT),"951  W. Snowflake Blvd., Snowflake, AZ 85937",Additional Location
Thatcher High School,"601 N. 3rd Ave, Thatcher, AZ 85552",Additional Location
Pleasant Valley Fire District,"47529 AZ-288, Young, AZ 85554",Additional Location
Arizona Department of Corrections-Globe,"1000 Fairgrounds Rd., Globe, AZ 85501",Additional Location
Gila County Maintenance Yard-Payson,"5318 E. Hwy 260, Payson, AZ 85541",Additional Location
Miami Regional Training Center,"4053 E. Highway 60/70, Miami, AZ 85539",Additional Location
Eastern Arizona Academy of Cosmetology (EAAC),"1550 Thatcher Blvd., Safford, AZ 85546",Additional Location
Globe High School,"437 W. High Street, Globe, AZ 85501",Additional Location
Payson High School,"301 South McLane, Payson, AZ 85541",Additional Location
Blue Ridge HIgh School NAVIT,"1200 W. White Mountain Blvd., Lakeside, AZ 85929",Additional Location
Show Low High School NAVIT,"1201 N. Cougar Ln., Show Low, AZ 85901",Additional Location
Mogollon High School NAVIT,"3450 Mustang, Heber, AZ 85928",Additional Location
Saint John's High School NAVIT,"360 Redskin Dr., St. John's, AZ 85936",Additional Location
Payson Fire Department Station 11,"400 West Main Street, Payson, AZ 85541",Additional Location
Miami High School,"4739 S. Ragus Road, Miami, AZ 85539",Additional Location
The School of Architecture at Taliesin,"Taliesin West, P.O. Box 4430, Scottsdale, AZ 85261",Institution
Maricopa Community Colleges - Glendale Community College,"6000 W Olive Ave, Glendale, AZ 85302",Institution
Maricopa Community Colleges-Glendale Community College at Tractor Trailer Driving,"6002 W. Sherman St., Phoenix, AZ 85043-3535",Additional Location
Maricopa Community Colleges-Glendale Community College at Communiversity@Surprise,"15950 West Civic Center Plaza, Surprise, AZ 85374",Additional Location
Maricopa Community Colleges at Glendale Regional Public Safety Training Center,"11550 W. Glendale Ave., Glendale, AZ 85307",Additional Location
Maricopa Community Colleges at Arizona Law Enforcement Academy,"10001 S. 15th Ave, Phoenix, AZ 85041",Additional Location
Maricopa Community Colleges at Buckeye Fire Department,"115 S. 7th St., Buckeye, AZ 85326",Additional Location
Discover Financial Services,"2402 W. Beardsley Road, Phoenix, AZ 85027",Additional Location
Apollo High School,"8045 N. 47th Avenue, Glendale, AZ 85302",Additional Location
Barry Goldwater High School,"2820 W. Rose Garden Lane, Phoenix, AZ 85027",Additional Location
Cactus High School,"6330 W. Greenway Road, Glendale, AZ 85306",Additional Location
Centennial High School,"14388 N. 79th Avenue, Peoria, AZ 85381",Additional Location
Ironwood High School,"16051 W. Sweetwater Avenue, Glendale, AZ 85304",Additional Location
Liberty High School,"9621 W. Speckled Gecko Drive, Peoria, AZ 85383",Additional Location
Moon Valley High School,"3625 W. Cactus Rd., Phoenix, AZ 85029",Additional Location
Peoria High School,"11200 N. 83rd Ave., Peoria, AZ 85345",Additional Location
Raymond S. Kellis High School,"8990 W. Orangewood Avenue, Glendale, AZ 85305",Additional Location
Shadow Ridge High School,"10909 N. Perryville Road, Surprise, AZ 85388",Additional Location
Sunnyslope High School,"35 W. Dunlap Avenue, Phoenix, AZ 85020",Additional Location
Sunrise Mountain High School,"21200 N. 83rd Ave., Peoria, AZ 85382",Additional Location
Thunderbird High School,"1750 W. Thunderbrid Road, Phoenix, AZ 85023",Additional Location
Washington High School,"2217 W. Glendale Avenue, Phoenix, AZ 85021",Additional Location
Greenway High School,"3930 W. Greenway Road, Phoenix, AZ 85053",Additional Location
West-MEC Northwest Campus,"13201 W. Grand Avenue, Surprise, AZ 85374",Additional Location
Grand Canyon University,"3300 W Camelback Rd, Phoenix, AZ 85017",Institution
Grand Canyon University at Presbyterian Healthcare Services (PHS) Northside,"5901 Harper Drive Northeast, Albuquerque, NM 87109",Additional Location
Grand Canyon University at Avondale Fire Department,"1825 N 107th Ave, Avondale, AZ 85323",Additional Location
Grand Canyon University at Estrella Mountain Community College,"3000 N. Dysart Road, Avondale, AZ 85392",Additional Location
Grand Canyon University at Casa Grande Medical Center,"1800 E. Florence Blvd, Casa Grande, AZ 85222",Additional Location
Grand Canyon University at Chandler Regional Medical Center,"475 S. Dobson Rd, Chandler, AZ 85224",Additional Location
Grand Canyon University at Banner Gateway Medical Center,"1900 N. Higley Road, Gilbert, AZ 85234",Additional Location
Grand Canyon University at Mercy Gilbert Medical Center,"3555 S. Val Vista Drive, Gilbert, AZ 85296",Additional Location
Grand Canyon University at Abrazo Phoenix / West Valley Hospital,"13677 W. McDowell Rd, Goodyear, AZ 85338",Additional Location
Grand Canyon University at AT Still University,"5850 E. Still Circle, Mesa, AZ 85206",Additional Location
Grand Canyon University at Banner Baywood Medical Center,"6644 E. Baywood Avenue, Mesa, AZ 85206",Additional Location
Grand Canyon University at Banner Desert Medical Center,"1400 S Dobson Rd, Mesa, AZ 85202",Additional Location
Grand Canyon University at Mesa Community College,"1833 W. Southern Avenue, Mesa, AZ 85202",Additional Location
Grand Canyon University at Mesa Unified School District,"63 E Main St, Mesa, AZ 85621",Additional Location
Grand Canyon University at Mountain Vista Medical Center,"1301 S. Crimson Road, Mesa, AZ 85209",Additional Location
Grand Canyon University at Public Safety Administration Building,"8351 W. Cinnabar Avenue, Peoria, AZ 85345",Additional Location
Grand Canyon University at Banner - Thunderbird,"5555 W Thunderbird Rd, Phoenix, AZ 85306",Additional Location
Grand Canyon University at Banner Estrella Medical Center,"9201 W Thomas Road, Phoenix, AZ 85037",Additional Location
Grand Canyon University at Banner Good Samaritan Med. Center,"1111 E McDowell Rd, Phoenix, AZ 85006",Additional Location
Grand Canyon University at John C. Lincoln - North Mountain,"9202 N 2nd St, Phoenix, AZ 85020",Additional Location
"Grand Canyon University at John C. Lincoln, Deer Valley","19829 N 27th Ave, Phoenix, AZ 85027",Additional Location
Grand Canyon University at Maricopa County Medical Center,"2601 E. Roosevelt St, Phoenix, AZ 85008",Additional Location
Grand Canyon University at Mayo Clinic Hospital,"5777 E. Mayo Blvd, Phoenix, AZ 85054",Additional Location
Grand Canyon University at Phoenix  VA Healthcare System,"650 E. Indian School Rd., Phoenix, AZ 85012-1892",Additional Location
Grand Canyon University at Phoenix Children's Hospital,"1919 E. Thomas Rd, Phoenix, AZ 85016",Additional Location
Grand Canyon University at St. Joseph Hospital,"350 W. Thomas Rd, Phoenix, AZ 85013",Additional Location
Grand Canyon University at Scottsdale Healthcare - Osborn,"7400 E. Osborn Rd, Scottsdale, AZ 85251",Additional Location
Grand Canyon University at Scottsdale Healthcare - Shea,"9003 E Shea Blvd, Scottsdale, AZ 85260",Additional Location
Grand Canyon University at Banner Boswell,"10401 W. Thunderbird Blvd, Sun City, AZ 85351",Additional Location
Grand Canyon University at GCU Tempe,"1150 W. Grove Parkway, Suite 101, Tempe, AZ 85283",Additional Location
Grand Canyon University at Tempe St. Lukes Medical Center,"1500 S. Mill Ave, Tempe, AZ 85281",Additional Location
Grand Canyon University at St. Joseph's Hospital/Carondelet,"350 W. Wilmot Rd, Tucson, AZ 85711",Additional Location
Grand Canyon University at Tucson Medical Center,"5301 E Grant Rd, Tucson, AZ 85712",Additional Location
Grand Canyon University at Albuquerque,"6700 Jefferson NE, Building D, Suite D-2, Albuquerque, NM 87109",Additional Location
Grand Canyon University at Casa Adobes Baptist Church,"10801 North La Cholla Blvd, Tucson, AZ 85742",Additional Location
Grand Canyon University at Jobing.com,"4747 North 22nd Street, Phoenix, AZ 85016",Additional Location
Grand Canyon University at Pantano Christian Church,"10355 East 29th Street, Tucson, AZ 85748",Additional Location
Grand Canyon University at Phoenix Baptist Hospital,"2000 West Bethany Home, Phoenix, AZ 85015",Additional Location
Grand Canyon University at Carondelet Holy Cross Hospital,"1171 West Target Range Road, Nogales, AZ 85261",Additional Location
Grand Canyon University at Chandler Fire Department,"221 East Boston Street, Chandler, AZ 85225",Additional Location
Grand Canyon University at Maricopa County Administration,"301 West Jefferson, Suite 240, Phoenix, AZ 85003",Additional Location
Grand Canyon University at St. Mary's Hospital,"1601 West St. Mary's Road, Tucson, AZ 85745",Additional Location
Grand Canyon University at Maricopa County HR Office,"301 West Jefferson, Phoenix, AZ 85006",Additional Location
Grand Canyon University at Ritz Carlton,"2401 East Camelback, Phoenix, AZ 85016",Additional Location
Grand Canyon University at Tucson VA,"3601 South 6th Ave, Tucson, AZ 85723",Additional Location
Grand Canyon University at Fountain Hills HS,"16100 East Palisades Blvd, Fountain Hills, AZ 85268",Additional Location
Grand Canyon University at Maricopa County Sheriff's Dept,"100 West Washington Street, Avondale, AZ 85003",Additional Location
Grand Canyon University at Yavapai Community College,"1100 E. Sheldon Street, Prescott, AZ 86301",Additional Location
Grand Canyon University at GCU Tucson,"3500 N. Campbell Ave., Tucson, AZ 85719",Additional Location
Grand Canyon University at GCU Scottsdale,"9201 E. Mountain View, Scottsdale, AZ 85260",Additional Location
Scottsdale Community College,"9000 East Chaparral Road, Scottsdale, AZ 85352",Additional Location
Kyrene School District Office,"8700 S. Kyrene Rd., Tempe, AZ 85284",Additional Location
Mesa Community College - Red Mountain Campus,"7110 East McKellips Road, Mesa, AZ 85207",Additional Location
Chandler-Gilbert Community College,"2626 E. Pecos Road, Chandler, AZ 85225",Additional Location
Estrella Mountain Community College - Buckeye,"902 E. Eason, Buckeye, AZ 85326",Additional Location
Glendale Community College,"6000 W. Olive Avenue, Glendale, AZ 85302",Additional Location
AT Still GCU Center,"5845 E. Still Circle, Mesa, AZ 85206",Additional Location
Anthem College - Phoenix,"1515 E Indian School Road, Phoenix, AZ 85014",Institution
Anthem College - Atlanta,"2450 Piedmont Road, Atlanta, GA 30324",Additional Location
Anthem College - Kansas City,"9001 State Line Rd, Kansas City, MO 64114",Additional Location
Anthem College - Sacramento,"9738 Lincoln Village Drive #100, Sacramento, CA 95827",Additional Location
Anthem College - St. Louis Park,"5100 Gamble Drive, Saint Louis Park, MN 55416",Additional Location
Anthem Career College - Nashville,"560 Royal Parkway, Nashville, TN 37211",Additional Location
International Academy of Hair Design - Mesa,"1445 West Southern Avenue, Suite 2006, Mesa, AZ 85202",Institution
International Academy of Hair Design - Tempe,"4812 South Mill Avenue, Tempe, AZ 85282",Additional Location
International Academy of Hair Design - Phoenix,"7611 West Thomas Road, Suite F001-F004, Phoenix, AZ 85033",Additional Location
International Academy of Hair Design - Phoenix,"9617 North Metro Parkway, Space 2112, Phoenix, AZ 85051",Additional Location
Lamson College,"875 West Elliot Road, Suite 206, Tempe, AZ 85284",Institution
International Academy of Beauty,"42 North Stapley Drive, Mesa, AZ",Institution
Kaplan College - Phoenix,"13450 N Black Canyon Hwy,  Ste 104, Phoenix, AZ 85029",Institution
Maricopa Beauty College,"515 W Western Ave, Avondale, AZ 85323",Institution
Maricopa Community Colleges - Gateway Community College,"108 N. 40th Street, Phoenix, AZ 85034",Institution
Maricopa Community Colleges - Gateway Community College at TriCity Mechanical,"6875 W. Galviston, Chandler, AZ 85226-2516",Additional Location
Maricopa Community Colleges - Gateway Community College at Cutting Edge Style Academy,"7565 W. Peoria Ave, Peoria, AZ 85345",Additional Location
Maricopa Community Colleges - Gateway Community College at Arizona Field Ironworkers,"950 E. Elwood, Phoenix, AZ 85040",Additional Location
Maricopa Community Colleges - Gateway Community College at Arizona Millwright,"4547 W. McDowell Rd., Phoenix, AZ 85035-4159",Additional Location
Maricopa Community Colleges - Gateway Community College at Heat & Frost Insulators,"1841 North 24th Street, Phoenix, AZ 85016",Additional Location
Maricopa Community Colleges - Gateway Community College at Maricopa County - Heavy Equipment Operators,"2919 W. Durango, Phoenix, AZ 85009",Additional Location
Maricopa Community Colleges - Gateway Community College at Maricopa Skills Center,"1245 E. Buckeye Road, Phoenix, AZ 85034",Additional Location
Maricopa Community Colleges - Gateway Community College at Phoenix Bricklaying and Tile Setting,"2601 E. Monroe, Phoenix, AZ 85034",Additional Location
Maricopa Community Colleges - Gateway Community College at Phoenix Electrical,"615 W. Palo Verde, Phoenix, AZ 85012-1331",Additional Location
Maricopa Community Colleges - Gateway Community College at Phoenix Painters & Decorators,"1841 North 24th Street, Phoenix, AZ 85008",Additional Location
Maricopa Community Colleges - Gateway Community College at Phoenix Pipefitting Trades,"2950 W. Thomas Road, Phoenix, AZ 85016",Additional Location
Maricopa Community Colleges - Gateway Community College at Phoenix Sheet Metal,"2534 East Adams, Phoenix, AZ 85034",Additional Location
Maricopa Community Colleges - Gateway Community College at Southwest Carpenters Training Fund,"4547 W. McDowell, Phoenix, AZ 85035",Additional Location
Maricopa Community Colleges - Gateway Community College at Southwest Electrical Training Center,"1717 E. Van Buren St., Phoenix, AZ 85006",Additional Location
Maricopa Community Colleges - Gateway Community College at Northwest Valley,"2931 W. Bell Road, Phoenix, AZ 85023",Additional Location
Maricopa Community Colleges - Gateway Community College at APS Power Plant,"5801 Wintersburg Road, Tonopah, AZ 85354",Additional Location
Maricopa Community Colleges - Gateway Community College at Plasterers & Cement M,"1425 E.McDowell Road, Phoenix, AZ 85006",Additional Location
Maricopa Community Colleges - Gateway Community College at Metro Phoenix Plumbing-Heating-Cooling Contractors Association,"7635 W. Hope Drive, Peoria, AZ 85345-1076",Additional Location
Crestview Preparatory,"2616 E. Greenway Road, Phoenix, AZ 85382",Additional Location
Field Ironworkers Apprenticeship,"330 E. Maricopa Freeway, Phoenix, AZ 85004",Additional Location
Maricopa County Risk Management Heavy Equipment Operators,"222 N. Central Avenue, Phoenix, AZ 85004",Additional Location
Phoenix Electrical,"1520 E. Indianola Avenue, Phoenix, AZ 85014",Additional Location
Phoenix Painters & Drywall,"210 N. 24th Street, Phoenix, AZ 85034",Additional Location
Sundt Corp.,"2620 S. 55th Street, Tempe, AZ 85282",Additional Location
Electric League of Arizona,"2702 N. 3rd Street, 2020, Phoenix, AZ 85034",Additional Location
Heat & Frost Insulators,"2601 E. Monroe Street, Phoenix, AZ 85034",Additional Location
Southwest Skill Center,"3000 N.. Dysart Road, Avondale, AZ 85392",Additional Location
GateWay Community College Surprise Campus,"15950 N. Civic Center Plaza, Surprise, AZ 85374",Additional Location
Metro Phoenix Heating & Cooling,"6110 W. Michelle Drive, Glendale, AZ 85308",Additional Location
Salt River Pima-Maricopa Indian Community,"15000 E. Osborn Road, Scottsdale, AZ 85256",Additional Location
East Valley Institute of Technology (EVIT),"1601 W. Main Street, Mesa, AZ 85201",Additional Location
GateWay Community College at 18th Street,"555 N. 18th Street, Phoenix, AZ 85006",Additional Location
Maricopa Community Colleges - Mesa Community College,"1833 W Southern Ave, Mesa, AZ 85202",Institution
Maricopa Community Colleges - Mesa Community College at Red Mountain,"7110 E. McKellips Rd., Mesa, AZ 85207",Additional Location
Maricopa Community Colleges-Mesa Community College at Boswell,"10401 West Thunderbird Blvd, Sun City, AZ 85351",Additional Location
Maricopa Community Colleges - Mesa Community College at Downtown Center,"145 N. Centennial Way, Mesa, AZ 85201",Additional Location
Maricopa Community Colleges - Mesa Community College at Mesa Fire Department,"3260 N. 40th Street, Mesa, AZ 85215",Additional Location
Maricopa Community Colleges - Mesa Community College at Mesa Gateway Center,"7440 E. Tahoe Avenue, Mesa, AZ 85212",Additional Location
Maricopa Community Colleges - Mesa Community College - Empire Southwest,"1725 S Country Club Drive, Mesa, AZ 85210",Additional Location
TRW,"11202 E Germann Rd., Mesa, AZ 85212",Additional Location
Mohave Community College,"1971 Jagerson Ave, Kingman, AZ 86409-1238",Institution
Mohave Community College at Lake Havasu City,"1977 West Acoma Blvd, Lake Havasu City, AZ 86403",Additional Location
Mohave Community College at Henry Campus,"3400 Highway 95, Bullhead City, AZ 86442",Additional Location
Mohave Community College at North Mohave Campus,"480 South Central, Colorado City, AZ 86021",Additional Location
Arizona State Prison Complex-Kingman,"4626 W. English Drive, Golden Valley, AZ 86414",Additional Location
Kingman High School,"4182 N Bank Street, Kingman, AZ 86409",Additional Location
Mohave  High School,"2251 HWY 95, Bullhead City, AZ 86442",Additional Location
Mohave Accelerated Learning Center,"25 Marina Blvd, Bullhead City, AZ 86442",Additional Location
River Valley High School,"2250 Laguna Road, Mohave Valley, AZ 86440",Additional Location
Kingman Academy of Learning,"3420 N. Burbank Street, Kingman, AZ 86409",Additional Location
Lee Williams High School,"400 Grandview Avenue, Kingman, AZ 86401",Additional Location
Western Arizona Law Enforcement Training Academy,"1081 Highway 95, Lake Havasu City, AZ 86406",Additional Location
WAVE Culinary and Hospitality Campus,"1540 South Palo Verde, Lake Havasu City, AZ 86403",Additional Location
Motorcycle Mechanics Institute a div. of Universal Technical Institute,"2844 W Deer Valley Rd, Phoenix, AZ 85027",Institution
Mundus Institute,"2001 W Camelback, Suite 140, Phoenix, AZ 85015",Institution
Dine College,"P.O. Box 126, Tsaile, AZ 86556",Institution
Dine College - Shiprock Campus,"Box 580, 1228 Yucca Drive, Shiprock, NM 87420",Additional Location
Dine College at Crownpoint Site,"PO Box 57; Jct Hwy 371 & Route 9, Crownpoint, NM 87313",Additional Location
Dine College at Window Rock,"PO Box 1924, Tribal Hill Drive, Window Rock, AZ 86515",Additional Location
Dine College at Chinle Site,"Highway 191, Hospital Road, Chinle, AZ 86503",Additional Location
Dine College at Kayenta Site,"PO Box 1790; Hwy. 163 - Bashas' Shopping Center, Kayenta, AZ 86033",Additional Location
Dine College at Tuba City Site,"PO Box 1716, 600 Edgewater Drive, Tuba City, AZ 86045",Additional Location
Dine College at Ganado Site,"PO Box 387, Hwy 264, Ganado, AZ 86505",Additional Location
Chinle Site,"Highway 191, Tseyi Shopping Center, Chinle, AZ 86503",Additional Location
Northern Arizona University,"P.O. Box 4092, Flagstaff, AZ 86011",Institution
Northern Arizona University - NAU YUMA Branch Campus,"2020 South Avenue East, P.O. Box 6236, Yuma, AZ 85364",Additional Location
Northern Arizona University at Apache Junction,"805 S. Idaho Road, Apache Junction, AZ 85119",Additional Location
Northern Arizona University at West Valley,"10320 W. McDowell Rd, Bldg D-4011, Avondale, AZ 85392",Additional Location
Northern Arizona University at Bullhead City,"3400 Highway 95, Bullhead City, AZ 86442",Additional Location
Northern Arizona University at Chandler/Gilbert,"2626 East Pecos Rd, Jacaranda Hall, Chandler, AZ 85225",Additional Location
Northern Arizona University at Chinle,"Bashas' Shopper Center/Hwy 191, Box 1923, Chinle, AZ 86503",Additional Location
Northern Arizona University at Verde Valley,"601 Black Hills Drive, Bldg I-141, Clarkdale, AZ 86324",Additional Location
Northern Arizona University at Signal Peak,"8470 N. Overfield Rd, T121, Coolidge, AZ 85228",Additional Location
"Northern Arizona University at Coconino, Flagstaff, Distance Learning Office","Bloom Building, Flagstaff, AZ 86011",Additional Location
Northern Arizona University - Fort Defiance Campus (Window Rock),"State Route 12, Ft. Defiance, AZ 86504",Additional Location
Northern Arizona University at Glendale,"6000 W. Olive, Building LA 121, Glendale, AZ 85302",Additional Location
Northern Arizona University at Kayenta,"Hozho Academic center, Hwy 163, Kayenta, AZ 86033",Additional Location
Northern Arizona University at Kingman,"1971 Jagerson Ave, Kingman, AZ 86409",Additional Location
Northern Arizona University at Lake Havasu City,"1977 W. Acoma Blvd, Lake Havasu City, AZ 86403",Additional Location
Northern Arizona University at East Valley,"145 N. Centennial Way, Mesa, AZ 85201",Additional Location
Northern Arizona University at Mesa,"1833 W. Southern Ave, Mesa, AZ 85202",Additional Location
Northern Arizona University at Page,"475 Lake Powell Blvd, Page, AZ 86040",Additional Location
Northern Arizona University at GateWay,"108 N. 40th Street, Phoenix, AZ 85034",Additional Location
Northern Arizona University at North Valley,"15601 N. 28th Street, Phoenix, AZ 85053",Additional Location
Northern Arizona University at Paradise Valley,"18401 N. 32nd Street, Phoenix, AZ 85032",Additional Location
Northern Arizona University at Phoenix,"1202 W Thomas Rd, Phoenix, AZ 85013",Additional Location
Northern Arizona University at South Mountain,"7050 S. 24th Street, Phoenix, AZ 85042",Additional Location
Northern Arizona University at Prescott,"1100 E. Sheldon, Prescott, AZ 86301",Additional Location
Northern Arizona University at Yavapai,"7351 E. Civic Circle, Prescott Valley, AZ 86314",Additional Location
Northern Arizona University at Scottsdale,"9000 E. Chaparral, Scottsdale, AZ 85256",Additional Location
Northern Arizona University at Show Low,"1001 W. Deuce of Clubs, PO Box 3411, Show Low, AZ 85902",Additional Location
Northern Arizona University at Thatcher,"615 N. Stadium Ave, Thatcher, AZ 85552",Additional Location
Northern Arizona University at Tuba City,"Main Street North, P.O. Box 3893, Main Street between Fir and Horizon, Tuba City, AZ 86045",Additional Location
Northern Arizona University at Tucson,"401 N. Bonita, Tucson, AZ 85705",Additional Location
Northern Arizona University at Tucson North,"3895 N. Business Center Dr, Ste 100, Tucson, AZ 85705",Additional Location
Northern Arizona University at Whiteriver,"963 S. Chief Ave, Whiteriver, AZ 85941",Additional Location
Northern Arizona University at Aravaipa,"80440 E. Aravaipa Rd, Room A-8, Winkelman, AZ 85292",Additional Location
Northern Arizona University at Communiversity@Surprise Campus,"15950 N Civic Center Drive, Surprise, AZ 85374",Additional Location
Northern Arizona University - Phoenix Biomedical Campus,"425 N. 5th Street, Phoenix, AZ 86004",Additional Location
Northern Arizona University at Marine Corps Air Station Yuma Ed. Ctr.,"Bldg. 850 Shaw Avenue Room 113, Yuma, AZ 85365",Additional Location
Northern Arizona University at Communiversity at Queen Creek,"21740 S. Ellsworth Road, Queen Creek, AZ 85412",Additional Location
Northern Arizona University - NAU-Ganado,"Highway 264, Ganado Unified School District Campus, Ganado, AZ 86505",Additional Location
Northern Arizona University - NAU-Kayenta,"Kayenta Business Center #205, Kayenta, AZ 86033",Additional Location
Northern Arizona University - NAU-Keams Canyon,"Highway 264, Mile Post 397, Northland Pioneer Coll, Keams Canyon, AZ 86034",Additional Location
Northern Arizona University - NAU-North Valley,"15451 N 28th Avenue, Phoenix, AZ 85053",Additional Location
NAU-Navajo-Hopi Campus,"Bashas' Shopper Center/Hwy 191, Box 1923, Chinle, AZ 86503",Additional Location
Personalized Learning (Direct assessment competency-based program),"700 S Osborne Dr., Personalized Learning, Flagstaff, AZ 86011",Additional Location
Navajo-Hopi,"Good Shepherd Mission, 1 Kit Carson Drive, Ft. Defiance, AZ 86504",Additional Location
"Pima Community College, Desert Vista Campus","5901 S. Calle Santa Cruz, Tucson, AZ 85709",Additional Location
"Pima Community College, Downtown Campus","1255 N Stone Ave, Tucson, AZ 85709",Additional Location
"Pima Community College, West Campus","2202 W. Anklam Rd, Tucson, AZ 85709",Additional Location
Northland Pioneer College,"2251 N. Navajo Blvd, Holbrook, AZ 86025",Institution
Northland Pioneer College - Little Colorado,"1400 N. 3rd St., Winslow, AZ 85045",Additional Location
Main Campus,"2251 N. Navajo Blvd, Holbrook, AZ 85025",Additional Location
Northland Pioneer College - Silver Creek,"1610 S. Main, Snowflake, AZ 85937",Additional Location
Northland Pioneer College - White Mountain,"1001 W. Deuce of Clubs, Show Low, AZ 85901",Additional Location
Northland Pioneer College at Eagar Heavy Equipment Operations,"7 South Highway 180, Lot #2, Eagar, AZ 85925",Additional Location
Northland Pioneer College at Springerville/Eagar,"578 N. Main St., Eagar, AZ 85925",Additional Location
Northland Pioneer College at Joseph City Ind. Technology and Maintenance,"Cholla Power Plant, 4801 Frontage Road, Joseph City, AZ 86032",Additional Location
Northland Pioneer College at Kayenta,"Comb Ridge Road, Monument Valley Unified School Di, Kayenta, AZ 86033",Additional Location
Northland Pioneer College at Hopi,"First Mesa, Polacca, AZ 86037",Additional Location
Northland Pioneer College at Show Low Auto Technology Site,"1400 North Lumberman's Loop, Show Low, AZ 85901",Additional Location
Northland Pioneer College at Show Low Welding,"1380 East Thornton Road, Show Low, AZ 85901",Additional Location
Northland Pioneer College at St Johns Cosmetology Program,"955 W13 West, Suite B, St. Johns, AZ 85936",Additional Location
Northland Pioneer College at St Johns Ind. Technology and Maintenance,"Coronado Generating Station, 7 mi  North of St. Johns, Highway 191, St. Johns, AZ 85936",Additional Location
Northland Pioneer College at St Johns Welding,"955 W13 West, Suite A, St. Johns, AZ 85936",Additional Location
Northland Pioneer College at St. Johns,"65 S. 3rd West, St. Johns, AZ 85964",Additional Location
Northland Pioneer College at Taylor Area Fire Science,"Northern Arizona Training Center, 1840 Papermill Road, Taylor, AZ 85939",Additional Location
Northland Pioneer College at Taylor Heavy Equipment Operations,"797 South Gene Taylor Ranch Road, Taylor, AZ 85939",Additional Location
Northland Pioneer College at Whiteriver,"720 S. Chief, Whiteriver, AZ 85941",Additional Location
Northland Pioneer College at Kayenta,"Kayenta Unified School District, Kayenta, AZ 86049",Additional Location
"Paralegal Institute, Inc.","7332 Butherus Drive, Suite 102, Scottsdale, AZ 85260",Institution
Empire Beauty School - Glendale,"10820 North 43rd Ave Ste 12, Glendale, AZ 85304",Institution
Phoenix Therapeutic Massage College,"8010 East McDowell Road #214, Scottsdale, AZ 85257",Institution
University of Phoenix,"4035 South Riverpoint Parkway, Phoenix, AZ 85040-0723",Institution
University of Phoenix - Atlanta Campus,"8200 Roberts Drive, Sandy Springs, GA 30350-4147",Additional Location
University of Phoenix - Boston Campus,"100 Grossman Drive, Braintree, MA 02184-4957",Additional Location
University of Phoenix - Central Florida Campus,"2290 Lucien Way, Maitland, FL 32751-7001",Additional Location
University of Phoenix - Charlotte Campus,"3800 Arco Corporate Drive, Charlotte, NC 28273-3409",Additional Location
University of Phoenix - Chicago Campus,"1500 McConnor Parkway, Suite 700, Schaumburg, IL 60173-4395",Additional Location
University of Phoenix - Cincinnati Campus,"9050 Centre Point, West Chester, OH 45069-4874",Additional Location
University of Phoenix - Cleveland Campus,"5005 Rockside Road, Independence, OH 44131-2194",Additional Location
University of Phoenix - Colorado Campus,"10004 Park Meadows Drive, Lone Tree, CO 80124",Additional Location
University of Phoenix - Columbus Georgia Campus,"7200 North Lake Drive, Columbus, GA 31909",Additional Location
University of Phoenix - Columbus Ohio Campus,"8415 Pulsar Place, Columbus, OH 43240-4032",Additional Location
University of Phoenix - Dallas Campus,"12400 Coit Road, Dallas, TX 25251-2004",Additional Location
University of Phoenix - Detroit Campus,"5480 Corporate Drive, Troy, MI 48098-2623",Additional Location
University of Phoenix - Eastern Washington Campus,"8775 E. Mission Avenue, Spokane, WA 99212-2531",Additional Location
University of Phoenix - Hawaii Campus,"745 Fort Street, Honolulu, HI 96813-3800",Additional Location
University of Phoenix - Houston Campus,"11451 Katy Freeway, Houston, TX 77079-2004",Additional Location
University of Phoenix - Idaho Campus,"3080 East Gentry Way, Suite #150, Meridian, ID 83642-3014",Additional Location
University of Phoenix - Kansas City Campus,"901 E. 104th Street, Suite 200, Kansas City, MO 64131",Additional Location
University of Phoenix - Las Vegas Campus,"7455 W. Washington Avenue, Las Vegas, NV 89128",Additional Location
University of Phoenix - Little Rock Campus,"10800 Financial Centre Parkway, Little Rock, AR 72211",Additional Location
University of Phoenix - Indianapolis Campus,"7999 Knue Road, Indianapolis, IN 46250-1932",Additional Location
University of Phoenix - Jersey City Campus,"100 Town Square Place, Jersey City, NJ 07310",Additional Location
University of Phoenix - Louisiana Campus,"One Galleria Blvd., Ste. 725, Metairie, LA 70001-2082",Additional Location
University of Phoenix - Maryland Campus,"8830 Stanford Blvd., Suite 100, Columbia, MD 21045-5423",Additional Location
University of Phoenix - Memphis Campus,"65 Germantown Court, Suite 100, Cordova, TN 38018-7290",Additional Location
University of Phoenix - Milwaukee Campus,"20075 Watertower Blvd, Brookfield, WI 53045-3573",Additional Location
University of Phoenix - Louisville Campus,"10400 Linn Station Road, Suite 120, Louisville, KY 40223-3839",Additional Location
University of Phoenix - Minneapolis/St. Paul Campus,"435 Ford Rd., Suite 1000, St. Louis Park, MN 55426-4915",Additional Location
University of Phoenix - Nashville Campus,"616 Marriott Drive, Suite 150, Nashville, TN 37214-5048",Additional Location
University of Phoenix - New Mexico Campus,"7471 Pan American Freeway NE, Albuquerque, NM 87109-4645",Additional Location
University of Phoenix - North Florida Campus,"4500 Salisbury Road, Jacksonville, FL 32216-0959",Additional Location
University of Phoenix - Northern Virginia Campus,"11730 Plaza America Drive, Suite 200, Reston, VA 20190-4750",Additional Location
University of Phoenix - Oklahoma City Campus,"6501 N. Broadway, Suite 100, Oklahoma City, OK 73116-8244",Additional Location
University of Phoenix - Oregon Campus,"13221 SW 68th Parkway, Suite 500, Tigard, OR 97223-8328",Additional Location
University of Phoenix - Philadelphia Campus,"1170 Devon Park Drive, Wayne, PA 19087-2121",Additional Location
University of Phoenix - Pittsburgh Campus,"Penn Center West, Bldg. Six, Suite 100, Pittsburgh, PA 15276",Additional Location
University of Phoenix - Sacramento Valley Campus,"2860 Gateway Oaks Drive, Suite 200, Sacramento, CA 95833",Additional Location
University of Phoenix - San Diego Campus,"3890 Murphy Canyon Road, Suite 100, San Diego, CA 92123",Additional Location
University of Phoenix - South Florida Campus,"600 N. Pine Island Road, #500, Plantation, FL 33324-1393",Additional Location
University of Phoenix - Southern Colorado Campus,"5725 Mark Dabling Blvd., Colorado Springs, CO 80919-2221",Additional Location
University of Phoenix - St. Louis Campus,"13801 Riverport Drive, Ste. 102, St. Louis, MO 63043",Additional Location
University of Phoenix - Utah Campus,"5373 South Green Street, Salt Lake City, UT 84123",Additional Location
University of Phoenix - West Florida Campus,"12802 Tampa Oaks Boulevard, #200, Temple Terrace, FL 33637",Additional Location
University of Phoenix - West Michigan Campus,"318 River Ridge Drive NW, Walker, MI 49544-1683",Additional Location
University of Phoenix - Wichita Campus,"3020 N. Cypress Drive, Suite 150, Wichita, KS 67226",Additional Location
University of Phoenix - Augusta Campus,"3150 Perimeter Parkway, Augusta, GA 30909-4583",Additional Location
University of Phoenix - Austin Campus,"10801 N. Mopac, Austin, TX 78759-5459",Additional Location
University of Phoenix - Birmingham Campus,"100 Corporate Parkway, Suite 250, Birmingham, AL 35424-2982",Additional Location
University of Phoenix - Central Valley Campus,"45 River Park Place West, Fresno, CA 93720-1552",Additional Location
University of Phoenix - Chattanooga Campus,"1208 Pointe Centre Drive, Chattanooga, TN 37421-3983",Additional Location
University of Phoenix - Columbia South Carolina Campus,"1001 Pinnacle Point Drive, Columbia, SC 29223-5727",Additional Location
University of Phoenix - Des Moines Campus,"6600 Westown Parkway, West Des Moines, IA 50266-7724",Additional Location
University of Phoenix - Fairfield County Campus,"535 Connecticut Avenue, Norwalk, CT 06854-1700",Additional Location
University of Phoenix - Harrisburg Campus,"4050 Crums Mill Road, Harrisburg, PA 17112-2894",Additional Location
University of Phoenix - Madison Campus,"2310 Crossroads Drive, Madison, WI 53718-2416",Additional Location
University of Phoenix - Northern Nevada Campus,"10345 Professional Circle, Reno, NV 89521-5862",Additional Location
University of Phoenix - Northwest Arkansas Campus,"903 N. 47th Street - Barrington Centre 2, Rogers, AR 72756-9615",Additional Location
University of Phoenix - Omaha Campus,"13321 California St., Suite 200, Omaha, NE 68154-5258",Additional Location
University of Phoenix - Raleigh Campus,"5511 Capital Center Drive, Raleigh, NC 27606-3380",Additional Location
University of Phoenix - Richmond Campus,"6600 West Broad Street, Brookfield Commons, Richmond, VA 23230-1709",Additional Location
University of Phoenix - San Antonio Campus,"8200 IH-10 West, San Antonio, TX 78230-3876",Additional Location
University of Phoenix - Savannah Campus,"8001 Chatham Center Drive, Savannah, GA 31405-7400",Additional Location
University of Phoenix - Springfield Campus,"1343 E Kingsley Street, Springfield, MO 65804-7216",Additional Location
University of Phoenix - Washington DC Campus,"25 Massachusetts Avenue NW, Washington, DC 20001-1431",Additional Location
University of Phoenix - Wyoming Campus,"6900 Yellowtail Road, Cheyenne, WY 82009-6112",Additional Location
University of Phoenix - Puerto Rico Campus,"Santander Tower at San Patricio B-7 Tabonuco St., , Guaynabo, PR 00968-3003",Additional Location
University of Phoenix - Tulsa Campus,"14002 East 21st Street, Tulsa, OK 74134",Additional Location
University of Phoenix - Western Washington Campus,"7100 Fort Dent Way, Bldg. 3, Suite 100, Tukwila, WA 98188",Additional Location
University of Phoenix - Bay Area Campus,"7901 Stoneridge Drive, Pleasanton, CA 94588",Additional Location
University of Phoenix - Southern Arizona Campus,"300 S. Craycroft Road, Tucson, AZ 85711",Additional Location
University of Phoenix - Southern California Campus,"3100 Bristol Street, Costa Mesa, CA 92626",Additional Location
University of Phoenix - Central Massachusetts Campus,"One Research Drive, Westborough, MA 01581-3906",Additional Location
University of Phoenix - Doubletree Hotel Columbus,"5351 Sidney Simons Boulevard, Columbus, GA 31904",Additional Location
University of Phoenix - Baton Rouge Campus,"2431 South Acadian Thruway, Suite 110, Baton Rouge, LA 70808",Additional Location
University of Phoenix - El Paso Campus,"1320 Adabel, El Paso, TX 79936",Additional Location
University of Phoenix - Knoxville Campus,"10133 Sherrill Boulevard, Knoxville, TN 37932-3347",Additional Location
University of Phoenix - Jackson Campus,"120 Stone Creek Boulevard, Flowood, MS 39232-8205",Additional Location
University of Phoenix - Delaware Campus,"900 Justison Street, Wilmington, DE 19801",Additional Location
University of Phoenix - McAllen Campus,"4201 South Shary Road, Mission, TX 78572",Additional Location
University of Phoenix - Lafayette Campus,"425 Settlers Trace Boulevard, Lafayette, LA 70508",Additional Location
University of Phoenix - Shreveport-Bossier Campus,"350 Plaza Loop Drive, Building E, Bossier City, LA 71111-4390",Additional Location
University of Phoenix at Abbeville Armory,"3415 Veterans Memorial, Abbeville, LA 70510",Additional Location
University of Phoenix at Hilton Birmingham Perimeter Park,"8 Perimeter Park South, Birmingham, AL 35243-2326",Additional Location
University of Phoenix at Doubletree - Bentonville,"301 SE Walton Blvd, Bentonville, AR 72712-7932",Additional Location
"University of Phoenix at Wal-Mart Stores, Inc.","2001 SE 10th Street, Bentonville, AR 72716-0550",Additional Location
University of Phoenix at Pinnacle Hills Learning Center,"1800 S. 52nd, Rogers, AR 72756",Additional Location
University of Phoenix at La Crosse Hotel - Texarkana,"5100 N. Stateline, Texarkana, AR 71854-1028",Additional Location
University of Phoenix at Chandler Learning Center,"3075 West Ray Road, Chandler, AZ 85226-2495",Additional Location
University of Phoenix at Holiday Inn at Ocotillo,"1200 West Ocotillo R, Chandler, AZ 85248-5706",Additional Location
University of Phoenix at Residence Inn,"200 N. Federal Street, Chandler, AZ 85226-3191",Additional Location
University of Phoenix at Banner Desert Medical Center,"1400 South Dobson Road, Mesa, AZ 85202-4707",Additional Location
University of Phoenix - Mesa Campus,"1400 South Dobson Road, Mesa, AZ 85204-6634",Additional Location
University of Phoenix at Nogales Learning Center,"870 West Shell Road, Nogales, AZ 85621-1079",Additional Location
University of Phoenix at La Quinta Inn,"2510 W. Greenway Road, Phoenix, AZ 85023-4223",Additional Location
University of Phoenix at Mayo Clinc/Mayo Clinc Hospital,"5777 E. Mayo Blvd, Phoenix, AZ 85054-4502",Additional Location
University of Phoenix at Northwest Campus 2,"2550 W. Union Hills Drive, Phoenix, AZ 85027-5139",Additional Location
University of Phoenix at Phoenix Airport Hilton,"2435 S. 47th Street, Phoenix, AZ 85034-6410",Additional Location
University of Phoenix at Quality Inn - South Mountain,"5121 E. La Puenta Avenue, Phoenix, AZ 85044-5212",Additional Location
University of Phoenix at Radisson Phoenix Airport Hotel,"3333 E. University Drive, Phoenix, AZ 85034-7215",Additional Location
University of Phoenix at West Valley Campus,"9520 West Palm Lane, Phoenix, AZ 85037-4403",Additional Location
University of Phoenix at Westec II (Nursing Simulation Lab),"4710 E. Elwood Street, Phoenix, AZ 85040-1994",Additional Location
University of Phoenix at Scottsdale Healthcare - Shea Campus,"9201 E. Mountain View, Suite 140, Scottsdale, AZ 85258-9106",Additional Location
University of Phoenix at Scottsdale Healthcare #2,"7300 E. 4th Street, Scottsdale, AZ 85251-5642",Additional Location
University of Phoenix at Sierra Suites Hotel,"391 E. Fry Blvd., Sierra Vista, AZ 85635-1818",Additional Location
University of Phoenix at Sun Health School of Nursing,"10484 W. Thunderbird Blvd., Sun City, AZ 85351-3005",Additional Location
University of Phoenix at Tempe Mission Palms,"60 E. 5th Street, Tempe, AZ 85281-3658",Additional Location
University of Phoenix at The Buttes,"2000 Westcourt Way, Tempe, AZ 85282-1005",Additional Location
University of Phoenix at City of Tucson,"1310 West Miracle Mile, Tucson, AZ 85705-3772",Additional Location
University of Phoenix at River Road Campus,"555 E. River Road, Tucson, AZ 85704-5822",Additional Location
University of Phoenix at TMC Healthcare,"5301 E. Grant Road, Tucson, AZ 85712-2815",Additional Location
University of Phoenix at Marine Corps Air Station - Yuma Education Building,"850 Shaw Avenue, Yuma, AZ 85369-9132",Additional Location
University of Phoenix at U.S. Army Yuma Proving Ground,"301 C Street, Building 501, Yuma, AZ 85365-9498",Additional Location
University of Phoenix at Yuma Learning Center,"899 East Plaza Circle, Yuma, AZ 85365-2033",Additional Location
University of Phoenix at Los Angeles County Department of Public Works,"900 S. Freemont Avenue, 12th Floor, Alhambra, CA 91803-1331",Additional Location
"University of Phoenix at MBNA Marketing Systems, Inc.","85 Enterprise, Aliso Viejo, CA 92656-2614",Additional Location
University of Phoenix at Methodist Hospital,"300 W. Huntington Drive, Arcadia, CA 91007-3402",Additional Location
University of Phoenix - Bakersfield Campus,"4900 California Avenue, Bakersfield, CA 93309-7018",Additional Location
University of Phoenix at Double Tree Hotel,"3100 Camino Del Rio, Bakersfield, CA 93308-6245",Additional Location
University of Phoenix at Four Points Hotel - Bakersfield,"5101 California Avenue, Bakersfield, CA 93309-1623",Additional Location
University of Phoenix at Holiday Inn Select,"810 Truxtun Avenue, Bakersfield, CA 93301-4726",Additional Location
University of Phoenix at Kaiser Permanente Baldwin Park Medical Center,"1011 Baldwin Park Building, Baldwin Park, CA 91706-5806",Additional Location
University of Phoenix at Beale AFB Campus,"17849 16 Street, Beale AFB, CA 95903-1611",Additional Location
University of Phoenix at Chula Vista - Bonita,"180 Otay Lakes Road, Bonita, CA 91902-2443",Additional Location
University of Phoenix at Chula Vista Golf Course,"4475 Bonita Road, Bonita, CA 91902-1426",Additional Location
University of Phoenix at William B. Bristow Middle School,"855 Minnesota Avenue, Brentwood, CA 94513-1802",Additional Location
University of Phoenix at Mills Peninsula Health Services,"1501 Trousdale Drive, Burlingame, CA 94010-4506",Additional Location
University of Phoenix at Kaiser Permanente Carson Medical Offices,"23621 S. Main Street, Carson, CA 90745-5743",Additional Location
University of Phoenix at Chula Vista Learning Center,"2060 Otay Lakes Road, Chula Vista, CA 91915-1364",Additional Location
University of Phoenix at Dr. Song D.D.S. A Professional Corp.,"2529 Windward Way, Chula Vista, CA 91914-4526",Additional Location
University of Phoenix at San Joaquin College of Law,"901 5th Street, Clovis, CA 93612-1312",Additional Location
University of Phoenix at Coalinga State Hospital,"24511 West Jayne Avenue, Coalinga, CA 93210-9503",Additional Location
University of Phoenix at Chukchansi Gold,"711 Lucky Lane, 46536 Road 417, Coarsegold, CA 93614-8206",Additional Location
University of Phoenix at Colusa Behavioral Health Services,"162 Carson Street, Suite A, Colusa, CA 95932-2866",Additional Location
University of Phoenix at Concord Learning Center,"1401 Willow Pass Road, Concord, CA 94520-7982",Additional Location
University of Phoenix at Hilton - Concord,"1970 Diamond Blvd, Concord, CA 94520-5718",Additional Location
University of Phoenix at Holiday Inn - Concord,"1050 Burnett Avenue, Concord, CA 94520-5713",Additional Location
University of Phoenix at Corona Regional Medical Center,"800 South Main Street, Corona, CA 92882-3420",Additional Location
University of Phoenix at Country Suites by Ayres,"1900 W. Frontage Roa, Corona, CA 92882-8401",Additional Location
University of Phoenix - Online Campus,"3157 E. Elwood Street, Phoenix, AZ 85034-7209",Additional Location
University of Phoenix at Costa Mesa Marriott,"500 Anton Blvd., Costa Mesa, CA 92626-1911",Additional Location
University of Phoenix at Countryside Inn & Suites,"325 Bristol Street, Costa Mesa, CA 92626-5998",Additional Location
University of Phoenix at Hilton Orange County,"3050 Bristol Street, Costa Mesa, CA 92626-3036",Additional Location
University of Phoenix at Holiday Inn - Costa Mesa,"3131 S. Bristol Street, Costa Mesa, CA 92626-3037",Additional Location
University of Phoenix at South Coast Learning Center II,"3150 Bristol Street, Costa Mesa, CA 92626-3088",Additional Location
University of Phoenix at Westin - Costa Mesa,"686 Anton Blvd, Costa Mesa, CA 92626-1920",Additional Location
University of Phoenix at Wyndam Garden Hotel,"3350 Avenue of the Arts, Costa Mesa, CA 92626-1913",Additional Location
University of Phoenix at Citrus Valley Health Partners,"210 W. San Bernardino Road, Covina, CA 91723-1515",Additional Location
University of Phoenix at Culver City Learning Center,"200 Corporate Pointe, Suite A-50, Culver City, CA 90230-7645",Additional Location
University of Phoenix at Kaiser Hospital,"395 Hickey Blvd, Daly City, CA 94015-2770",Additional Location
University of Phoenix at Country Suites by Ayers - Diamond Bar,"21951 Golden Springs Drive, Diamond Bar, CA 91765-2450",Additional Location
University of Phoenix at Diamond Bar Campus,"1370 S. Valley Vista Drive, Diamond Bar, CA 91765-3921",Additional Location
University of Phoenix at Holiday Inn Select - Diamond Bar,"21725 E. Gateway Center Drive, Diamond Bar, CA 91765-2400",Additional Location
University of Phoenix at Downey Regional Medical Center,"11500 Brookshire Ave, Downey, CA 90241-7010",Additional Location
University of Phoenix at El Centro Fairfield Inn & Suites,"503 E. Danenburg Drive, El Centro, CA 92243-8507",Additional Location
University of Phoenix at El Centro Learning Center III,"3095 N. Imperial Ave, El Centro, CA 92243",Additional Location
University of Phoenix at El Centro Regional Medical Center,"1415 Ross Avenue, El Centro, CA 92243-4306",Additional Location
University of Phoenix at Holiday Inn Express - El Centro,"350 Smoketree Drive, El Centro, CA 92243-4557",Additional Location
University of Phoenix at California Children's Services - El Monte,"9320 Telstar Avenue, El Monte, CA 91731-2849",Additional Location
University of Phoenix at Elk Grove Learning Center,"9280 West Stockton Blvd, Elk Grove, CA 95758-8073",Additional Location
University of Phoenix at Holiday Inn Express - Elk Grove,"9175 W. Stockton Blvd., Elk Grove, CA 95758-8051",Additional Location
University of Phoenix at Comfort Inn - Escondido,"1290 West Valley Park, Escondido, CA 92029-1704",Additional Location
University of Phoenix at Holiday Inn Express Hotel and Suites Escondido,"1250 West Valley Park, Escondido, CA 92029-1704",Additional Location
University of Phoenix at Fairfield Learning Center,"5253 Business Center Drive, Fairfield, CA 94534-1630",Additional Location
University of Phoenix at Solano Community College - Fairfield Campus,"4000 Suisun Valley Road, Fairfield, CA 94534-4017",Additional Location
University of Phoenix at Staybridge Suites - Fairfield,"4775 Business Center Drive, Fairfield, CA 94534-1916",Additional Location
University of Phoenix at Fountain Valley Regional Hospital,"17100 Euclid Avenue, Fountain Valley, CA 92708-4004",Additional Location
University of Phoenix at Hyundai Motor America,"10550 Talbert Avenue, Fountain Valley, CA 92708-6031",Additional Location
University of Phoenix at Hampton Inn & Suites - Fresno,"327 E. Fir Avenue, Fresno, CA 93720-2974",Additional Location
University of Phoenix at Holiday Inn Express - Fresno,"7115 N. Howard Street, Fresno, CA 93720-2980",Additional Location
"University of Phoenix at Lance-Kashian & Company, Village Conference Room","8365 N. Fresno Street, Suite 150, Fresno, CA 93720-1548",Additional Location
University of Phoenix at Piccadilly Inn Shaw,"2305 W. Shaw Avenue, Fresno, CA 93711-3411",Additional Location
University of Phoenix at Piccadilly Inn University,"4961 N. Cedar, Fresno, CA 93726-1062",Additional Location
University of Phoenix at Radisson Hotel and Conference Center - Fresno,"2233 Ventura Street, Fresno, CA 93721-2915",Additional Location
University of Phoenix at Ramada Inn - Fresno,"324 East Shaw Avenue, Fresno, CA 93710-7610",Additional Location
University of Phoenix at Shaw Campus,"2490 W. Shaw, Fresno, CA 93711-3305",Additional Location
University of Phoenix at Springfield Inn,"9844 North Fresno Street, Fresno, CA 93710-3738",Additional Location
University of Phoenix at Fullerton College,"321 East Chapman Avenue, Fullerton, CA 92632-2011",Additional Location
University of Phoenix at Gardena Campus,"1515 W. 190th, Gardena, CA 90248-4319",Additional Location
University of Phoenix at Glendale Adventist Hospital,"1530 Chevy Chase Drive, Glendale, CA 91206-4007",Additional Location
University of Phoenix at Glendale Adventist Medical Center,"1509 Wilson Terrace, Glendale, CA 91206-4007",Additional Location
University of Phoenix at Glendale Memorial Hospital,"1420 South Central Avenue, Glendale, CA 91204-2508",Additional Location
University of Phoenix at Verdugo Hills Hospital,"1812 Verdugo Blvd., Glendale, CA 91208-1407",Additional Location
University of Phoenix at Marin General Hospital,"250 Bon Air Road, Greenbrae, CA 94904-1702",Additional Location
"University of Phoenix at Vought Aircraft Industries, Inc.","One Northrop Avenue, Mail Stop 31/HOH/52, Hawthorne, CA 90520-3736",Additional Location
University of Phoenix at Hampton Inn & Suites,"3700 W. Florida Avenue, Hemet, CA 92545-3502",Additional Location
University of Phoenix at Hemet Valley Hospital,"1117 E. Deconshire A, Hemet, CA 92543-3083",Additional Location
University of Phoenix at Alphalogix LLC,"5811 McFadden Avenue, Huntington Beach, CA 92649-1323",Additional Location
University of Phoenix at El Centro Learning Center,"502 West Aten Road, Imperial, CA 92243",Additional Location
University of Phoenix at Hilton (OC Airport),"18800 MacArthur Blvd, Irvine, CA 92612-1410",Additional Location
University of Phoenix at Hyatt Regency,"17900 Jamboree Blvd, Irvine, CA 92614-6211",Additional Location
University of Phoenix at Kaiser Permanente Sand Canyon Medical Offices,"6670 Alton Parkway, Irvine, CA 92618-3734",Additional Location
University of Phoenix at Toshiba,"9740 Irvine Blvd, Irvine, CA 92618-1608",Additional Location
University of Phoenix at Western Digital - Irvine,"8105 Irvine Center, Irvine, CA 92618-3073",Additional Location
University of Phoenix at Hi Desert Medical Center,"6601 White Feather R, Joshua City, CA 92252-6607",Additional Location
University of Phoenix at La Palma Learning Center,"6 Centerpointe Drive, La Palma, CA 90623-2503",Additional Location
University of Phoenix at Lafayette School District,"3477 School Street, Lafayette, CA 94549-4503",Additional Location
University of Phoenix at Courtyard by Marriott - Laguna Hills,"23175 Aveneida De La Carlota, Laguna Hills, CA 92653-1530",Additional Location
University of Phoenix at Holiday Inn - Laguna Hills,"25205 LaPaz Road, Laguna Hills, CA 92653-5105",Additional Location
University of Phoenix at Best Western - Mission Viejo,"23702 Rockfield, Lake Forest, CA 92630-2865",Additional Location
University of Phoenix at Irvine Suites - Mission Viejo,"23192 Lake Center Drive, Lake Forest, CA 92630-2837",Additional Location
University of Phoenix at Lake San Marcos Resort & Country Club,"1025 La Bonita Drive, Lake San Marcos, CA 92078",Additional Location
University of Phoenix at Lakewood Country Club,"3101 Carson Street, Lakewood, CA 90712-4005",Additional Location
University of Phoenix at Lakewood Regional Medical Center,"3700 South Street, Lakewood, CA 90712-1419",Additional Location
University of Phoenix at The Centre at Sycamore Plaza,"5000 Clark Avenue, Lakewood, CA 90712-2603",Additional Location
University of Phoenix at Holiday Inn - LaMirada,"14299 Firestone Blvd, LaMirada, CA 90638-5523",Additional Location
University of Phoenix at LaMirada Campus,"14320 Firestone Blvd, LaMirada, CA 90638-5526",Additional Location
University of Phoenix at Residence Inn by Marriott,"14419 Firestone Blvd, LaMirada, CA 90638-5912",Additional Location
University of Phoenix at Antelope Valley Hospital,"1600 West Avenue J, Lancaster, CA 93534-2814",Additional Location
University of Phoenix at Essex House,"44916 North 10th Street West, Lancaster, CA 93534-2314",Additional Location
University of Phoenix at Lancaster Annex,"1202 West Avenue J, Lancaster, CA 93534-2902",Additional Location
University of Phoenix at Rio Mirada,"1651 W. Avenue K, Lancaster, CA 93534-5929",Additional Location
University of Phoenix at Lathrop Campus (San Joaquin Valley),"17000 S. Harlan Road, Lathrop, CA 95330-8738",Additional Location
University of Phoenix at Baytower Corporate Center - Lawndale,"15901 Hawthorne Blvd., Suite 450, Lawndale, CA 90260-2699",Additional Location
University of Phoenix at Livermore Learning Center,"2481 Constitution Drive, Livermore, CA 94551-7573",Additional Location
University of Phoenix at Alteon Training Center,"4900 Conant Street, Long Beach, CA 90808-1746",Additional Location
University of Phoenix at Community Hospital of Long Beach,"1720 Termino Avenue, Long Beach, CA 90804-2180",Additional Location
University of Phoenix at CompUSA Training Super Center,"2150 Bellflower Blvd., Long Beach, CA 90815-3126",Additional Location
University of Phoenix at Freeway Business Center,"3901 Via Oro Avenue, Long Beach, CA 90810-1800",Additional Location
